-- 1. Product
INSERT INTO product (id, name, description, base_price, created_at)
VALUES (1, 'test', 'test', 1000, NOW() - INTERVAL 1 DAY),
       (2, 'test2', 'test2', 2000, NOW() - INTERVAL 1 DAY),
       (3, 'test3', 'test3', 2000, NOW() - INTERVAL 1 DAY),
       (4, 'test4', 'test4', 2000, NOW() - INTERVAL 1 DAY),
       (5, 'test5', 'test5', 2000, NOW() - INTERVAL 1 DAY),
       (6, 'test6', 'test6', 2000, NOW() - INTERVAL 1 DAY),
       (7, 'test7', 'test7', 2000, NOW() - INTERVAL 1 DAY),
       (8, 'test8', 'test8', 2000, NOW() - INTERVAL 1 DAY),
       (9, 'test9', 'test9', 2000, NOW() - INTERVAL 1 DAY);

-- 2. ProductOption
INSERT INTO product_option (id, name, description, additional_price, product_id, created_at)
VALUES (1, 'test', 'test', 1000, 1, NOW() - INTERVAL 1 DAY),
       (2, 'test2', 'test2', 2000, 1, NOW() - INTERVAL 1 DAY),
       (3, 'test3', 'test3', 3000, 2, NOW() - INTERVAL 1 DAY),
       (4, 'test4', 'test4', 4000, 2, NOW() - INTERVAL 1 DAY),
       (5, 'test5', 'test5', 5000, 2, NOW() - INTERVAL 1 DAY),
       (6, 'test6', 'test6', 6000, 3, NOW() - INTERVAL 1 DAY),
       (7, 'test7', 'test7', 7000, 3, NOW() - INTERVAL 1 DAY),
       (8, 'test8', 'test8', 8000, 4, NOW() - INTERVAL 1 DAY),
       (9, 'test9', 'test9', 9000, 4, NOW() - INTERVAL 1 DAY),
       (10, 'test10', 'test10', 10000, 5, NOW() - INTERVAL 1 DAY),
       (11, 'test11', 'test11', 11000, 6, NOW() - INTERVAL 1 DAY),
       (12, 'test12', 'test12', 12000, 7, NOW() - INTERVAL 1 DAY),
       (13, 'test13', 'test13', 13000, 8, NOW() - INTERVAL 1 DAY),
         (14, 'test14', 'test14', 14000, 9, NOW() - INTERVAL 1 DAY),
         (15, 'test15', 'test15', 15000, 9, NOW() - INTERVAL 1 DAY),
         (16, 'test16', 'test16', 16000, 9, NOW() - INTERVAL 1 DAY),
         (17, 'test17', 'test17', 17000, 9, NOW() - INTERVAL 1 DAY),
         (18, 'test18', 'test18', 18000, 9, NOW() - INTERVAL 1 DAY);

-- 3. ProductInventory
INSERT INTO product_inventory (id, quantity, product_option_id, created_at)
VALUES (1, 100, 1, NOW() - INTERVAL 1 DAY),
       (2, 200, 2, NOW() - INTERVAL 1 DAY),
       (3, 300, 3, NOW() - INTERVAL 1 DAY),
       (4, 400, 4, NOW() - INTERVAL 1 DAY),
       (5, 500, 5, NOW() - INTERVAL 1 DAY),
         (6, 600, 6, NOW() - INTERVAL 1 DAY),
         (7, 700, 7, NOW() - INTERVAL 1 DAY),
         (8, 800, 8, NOW() - INTERVAL 1 DAY),
         (9, 900, 9, NOW() - INTERVAL 1 DAY),
         (10, 1000, 10, NOW() - INTERVAL 1 DAY),
         (11, 1100, 11, NOW() - INTERVAL 1 DAY),
         (12, 1200, 12, NOW() - INTERVAL 1 DAY),
         (13, 1300, 13, NOW() - INTERVAL 1 DAY),
         (14, 1400, 14, NOW() - INTERVAL 1 DAY),
         (15, 1500, 15, NOW() - INTERVAL 1 DAY),
         (16, 1600, 16, NOW() - INTERVAL 1 DAY),
         (17, 1700, 17, NOW() - INTERVAL 1 DAY),
         (18, 1800, 18, NOW() - INTERVAL 1 DAY);


-- 4. OrderItem
INSERT INTO order_item (id, product_name, product_description, product_option_name,
                        product_option_description, base_price, additional_price, total_price,
                        amount, order_id, product_option_id, coupon_id, created_at)
VALUES (1, 'test', 'test', 'test', 'test', 1000, 1000, 2000, 1, 1, 1, 1, NOW() - INTERVAL 1 DAY),
       (2, 'test2', 'test2', 'test2', 'test2', 2000, 2000, 4000, 2, 2, 2, 2,
        NOW() - INTERVAL 1 DAY),
       (3, 'test3', 'test3', 'test3', 'test3', 3000, 3000, 6000, 3, 3, 3, 3,
        NOW() - INTERVAL 1 DAY),
       (4, 'test4', 'test4', 'test4', 'test4', 4000, 4000, 8000, 4, 4, 4, 4,
        NOW() - INTERVAL 1 DAY),
       (5, 'test5', 'test5', 'test5', 'test5', 5000, 5000, 10000, 5, 5, 5, NULL,
        NOW() - INTERVAL 1 DAY),
       (6, 'test6', 'test6', 'test6', 'test6', 6000, 6000, 12000, 6, 6, 5, NULL,
        NOW() - INTERVAL 1 DAY),
       (7, 'test7', 'test7', 'test7', 'test7', 7000, 7000, 14000, 7, 7, 3, NULL,
        NOW() - INTERVAL 1 DAY),
       (8, 'test8', 'test8', 'test8', 'test8', 8000, 8000, 16000, 8, 8, 3, NULL,
        NOW() - INTERVAL 1 DAY),
       (9, 'test9', 'test9', 'test9', 'test9', 9000, 9000, 18000, 9, 9, 14, NULL,
        NOW() - INTERVAL 1 DAY),
       (10, 'test10', 'test10', 'test10', 'test10', 10000, 10000, 20000, 10, 10, 15, NULL,
        NOW() - INTERVAL 1 DAY),
         (11, 'test11', 'test11', 'test11', 'test11', 11000, 11000, 22000, 11, 11, 5, NULL,
        NOW() - INTERVAL 1 DAY),
         (12, 'test12', 'test12', 'test12', 'test12', 12000, 12000, 24000, 12, 12, 5, NULL,
        NOW() - INTERVAL 1 DAY),
         (13, 'test13', 'test13', 'test13', 'test13', 13000, 13000, 26000, 13, 13, 6, NULL,
        NOW() - INTERVAL 1 DAY),
         (14, 'test14', 'test14', 'test14', 'test14', 14000, 14000, 28000, 14, 14, 16, NULL,
        NOW() - INTERVAL 1 DAY),
         (15, 'test15', 'test15', 'test15', 'test15', 15000, 15000, 30000, 15, 15, 7, NULL,
        NOW() - INTERVAL 1 DAY),
         (16, 'test16', 'test16', 'test16', 'test16', 16000, 16000, 32000, 16, 16, 7, NULL,
        NOW() - INTERVAL 1 DAY),
         (17, 'test17', 'test17', 'test17', 'test17', 17000, 17000, 34000, 17, 17, 8, NULL,
        NOW() - INTERVAL 1 DAY),
         (18, 'test18', 'test18', 'test18', 'test18', 18000, 18000, 36000, 18, 18, 8, NULL,
        NOW() - INTERVAL 1 DAY);